Locus_tag	alphafold	raptorx
ECU01_0010	0.345	N/A
ECU01_0020	0.387	0.368
ECU01_0030	0.406	0.292
ECU01_0040	0.347	0.287
ECU01_0050	0.328	0.274
ECU01_0060	0.523	0.323
ECU01_0070	0.629	0.404
ECU01_0080	0.635	0.419
ECU01_0090	0.575	0.381
ECU01_0100	0.615	0.319
ECU01_0110	0.615	0.334
ECU01_0120	0.656	0.265
ECU01_0130	0.642	N/A
ECU01_0140	0.708	0.542
ECU01_0170	0.697	N/A
ECU01_0180	0.673	0.567
ECU01_0190	0.694	N/A
ECU01_0210	0.657	0.505
ECU01_0220	0.579	0.351
ECU01_0230	0.608	0.257
ECU01_0240	0.679	0.618
ECU01_0250	0.677	N/A
ECU01_0260	0.534	N/A
ECU01_0280	0.459	0.250
ECU01_0290	0.546	0.392
ECU01_0295	0.403	0.382
ECU01_0310	0.541	N/A
ECU01_0320	0.422	0.325
ECU01_0330	0.329	0.267
ECU01_0340	0.671	0.433
ECU01_0350	0.609	0.336
ECU01_0360	0.670	0.573
ECU01_0370	0.650	0.319
ECU01_0380	0.691	0.579
ECU01_0390	0.454	0.377
ECU01_0400	0.643	0.369
ECU01_0410	0.382	0.297
ECU01_0420	0.602	N/A
ECU01_0430	0.399	0.246
ECU01_0440	0.430	0.354
ECU01_0450	0.606	N/A
ECU01_0460	0.697	0.616
ECU01_0470	0.428	N/A
ECU01_0480	0.721	0.524
ECU01_0490	0.485	N/A
ECU01_0500	0.580	0.404
ECU01_0510	0.612	0.569
ECU01_0520	0.640	0.356
ECU01_0525	0.376	0.244
ECU01_0530	0.446	0.334
ECU01_0540	0.615	0.450
ECU01_0545	0.604	N/A
ECU01_0550	0.631	0.316
ECU01_0555	0.379	0.368
ECU01_0560	0.453	0.323
ECU01_0570	0.552	N/A
ECU01_0580	0.663	N/A
ECU01_0590	0.649	N/A
ECU01_0600	0.651	0.526
ECU01_0610	0.668	0.445
ECU01_0620	0.626	0.452
ECU01_0630	0.663	0.432
ECU01_0640	0.568	N/A
ECU01_0650	0.726	0.603
ECU01_0660	0.361	N/A
ECU01_0670	0.675	0.332
ECU01_0680	0.681	0.415
ECU01_0690	0.463	0.303
ECU01_0700	0.709	0.512
ECU01_0710	0.577	0.368
ECU01_0720	0.604	0.483
ECU01_0730	0.529	N/A
ECU01_0740	0.615	0.432
ECU01_0750	0.609	0.368
ECU01_0760	0.514	N/A
ECU01_0770	0.488	0.289
ECU01_0780	0.571	0.256
ECU01_0790	0.610	0.305
ECU01_0800	0.688	0.592
ECU01_0810	0.582	0.308
ECU01_0820	0.552	0.244
ECU01_0830	0.285	0.242
ECU01_0840	0.480	N/A
ECU01_0850	0.691	N/A
ECU01_0860	0.670	N/A
ECU01_0870	0.673	0.299
ECU01_0880	0.641	0.436
ECU01_0890	0.496	N/A
ECU01_0900	0.600	0.335
ECU01_0910	0.510	0.343
ECU01_0920	0.603	0.492
ECU01_0930	0.661	N/A
ECU01_0940	0.670	0.596
ECU01_0950	0.658	0.415
ECU01_0955	0.582	0.379
ECU01_0960	0.564	0.341
ECU01_0970	0.693	0.576
ECU01_0975	0.460	0.337
ECU01_0980	0.644	N/A
ECU01_0990	0.523	0.274
ECU01_1000	0.613	0.343
ECU01_1010	0.640	0.446
ECU01_1020	0.522	0.391
ECU01_1030	0.543	0.370
ECU01_1040	0.565	0.393
ECU01_1050	0.619	0.309
ECU01_1060	0.672	0.425
ECU01_1070	0.379	N/A
ECU01_1080	0.683	0.581
ECU01_1090	0.426	0.290
ECU01_1095	0.444	N/A
ECU01_1100	0.390	N/A
ECU01_1110	0.537	N/A
ECU01_1115	0.685	0.552
ECU01_1120	0.738	0.629
ECU01_1130	0.624	0.398
ECU01_1140	0.653	N/A
ECU01_1150	0.677	0.480
ECU01_1160	0.601	0.338
ECU01_1170	0.610	0.319
ECU01_1180	0.609	0.416
ECU01_1190	0.581	0.324
ECU01_1200	0.527	0.360
ECU01_1210	0.666	0.532
ECU01_1220	0.658	0.542
ECU01_1230	0.675	0.511
ECU01_1240	0.586	N/A
ECU01_1250	0.642	0.329
ECU01_1260	0.696	0.468
ECU01_1270	0.368	N/A
ECU01_1280	0.586	N/A
ECU01_1290	0.645	0.434
ECU01_1300	0.697	0.553
ECU01_1310	0.626	0.503
ECU01_1320	0.593	N/A
ECU01_1330	0.485	0.436
ECU01_1340	0.615	0.361
ECU01_1350	0.603	0.448
ECU01_1360	0.469	0.416
ECU01_1370	0.537	N/A
ECU01_1375	0.483	0.357
ECU01_1380	0.725	0.429
ECU01_1390	0.639	N/A
ECU01_1400	0.664	N/A
ECU01_1410	N/A	0.492
ECU01_1420	0.688	0.617
ECU01_1430	0.677	N/A
ECU01_1450	0.690	0.474
ECU01_1470	0.707	0.542
ECU01_1480	0.643	0.377
ECU01_1490	0.652	0.265
ECU01_1500	0.615	0.334
ECU01_1510	0.610	0.319
ECU01_1520	0.571	0.381
ECU01_1530	0.652	0.419
ECU01_1540	0.620	0.404
ECU01_1550	0.400	0.323
ECU01_1560	0.324	0.274
ECU01_1570	0.376	N/A
ECU01_1580	0.453	0.292
ECU01_1590	0.383	0.368
ECU01_1600	0.326	0.261
ECU02_0010	0.347	0.336
ECU02_0020	0.623	0.360
ECU02_0030	0.637	0.374
ECU02_0040	0.447	N/A
ECU02_0050	0.595	0.328
ECU02_0060	0.626	0.311
ECU02_0070	0.587	0.318
ECU02_0080	0.631	0.306
ECU02_0090	0.630	N/A
ECU02_0100	0.676	0.479
ECU02_0110	0.596	N/A
ECU02_0120	0.606	0.416
ECU02_0130	0.526	0.427
ECU02_0140	0.560	0.438
ECU02_0150	0.652	0.345
ECU02_0160	0.483	0.296
ECU02_0170	0.383	0.278
ECU02_0180	0.382	0.299
ECU02_0190	0.319	0.274
ECU02_0200	0.611	0.237
ECU02_0210	0.458	0.416
ECU02_0215	0.658	N/A
ECU02_0220	0.590	0.346
ECU02_0230	0.681	0.505
ECU02_0240	0.625	0.445
ECU02_0250	0.676	0.540
ECU02_0260	0.361	0.275
ECU02_0270	0.634	0.333
ECU02_0280	0.586	N/A
ECU02_0290	0.698	0.582
ECU02_0300	0.646	N/A
ECU02_0310	0.426	0.283
ECU02_0320	0.605	N/A
ECU02_0330	0.684	0.435
ECU02_0340	0.701	0.636
ECU02_0350	0.671	0.360
ECU02_0355	0.321	N/A
ECU02_0360	0.570	0.321
ECU02_0370	0.519	N/A
ECU02_0380	0.535	N/A
ECU02_0390	0.693	0.392
ECU02_0400	0.515	N/A
ECU02_0410	0.667	0.499
ECU02_0420	0.539	N/A
ECU02_0430	0.688	N/A
ECU02_0440	0.688	N/A
ECU02_0450	0.465	0.359
ECU02_0460	0.372	N/A
ECU02_0470	0.589	0.295
ECU02_0480	0.693	N/A
ECU02_0490	0.438	0.295
ECU02_0500	0.558	0.392
ECU02_0510	0.610	0.370
ECU02_0520	0.675	0.518
ECU02_0530	0.600	0.510
ECU02_0540	0.636	0.397
ECU02_0550	0.535	0.354
ECU02_0560	0.607	0.336
ECU02_0565	0.410	N/A
ECU02_0570	0.669	N/A
ECU02_0580	0.718	0.554
ECU02_0590	0.600	N/A
ECU02_0600	0.616	0.311
ECU02_0610	0.669	N/A
ECU02_0615	0.540	0.364
ECU02_0630	0.694	0.434
ECU02_0640	0.651	0.455
ECU02_0650	0.419	N/A
ECU02_0660	0.647	0.350
ECU02_0670	0.622	0.519
ECU02_0680	0.697	0.582
ECU02_0690	0.663	0.512
ECU02_0700	0.659	0.351
ECU02_0705	0.427	0.341
ECU02_0710	0.652	0.437
ECU02_0720	0.443	N/A
ECU02_0730	0.686	0.583
ECU02_0740	0.724	0.612
ECU02_0750	0.612	0.539
ECU02_0760	0.552	0.318
ECU02_0770	0.493	0.404
ECU02_0780	0.589	0.417
ECU02_0785	0.415	0.306
ECU02_0800	0.656	0.476
ECU02_0810	0.479	0.282
ECU02_0820	0.721	0.413
ECU02_0830	0.621	0.351
ECU02_0840	0.503	0.250
ECU02_0850	0.666	0.404
ECU02_0860	0.635	0.484
ECU02_0865	0.630	N/A
ECU02_0870	0.617	N/A
ECU02_0880	0.597	0.482
ECU02_0890	0.681	0.318
ECU02_0900	0.674	N/A
ECU02_0910	0.593	0.356
ECU02_0920	0.483	0.294
ECU02_0930	0.650	0.584
ECU02_0940	0.691	0.604
ECU02_0950	0.483	0.415
ECU02_0960	0.546	0.359
ECU02_0970	0.635	N/A
ECU02_0980	0.629	0.465
ECU02_0990	0.316	0.306
ECU02_1000	0.647	0.340
ECU02_1010	0.580	N/A
ECU02_1020	0.560	N/A
ECU02_1030	0.674	0.453
ECU02_1040	0.609	0.412
ECU02_1050	0.547	N/A
ECU02_1060	0.646	N/A
ECU02_1070	0.586	N/A
ECU02_1080	0.560	0.453
ECU02_1090	0.714	0.481
ECU02_1100	0.659	N/A
ECU02_1110	0.685	0.398
ECU02_1120	0.682	0.392
ECU02_1130	0.666	0.359
ECU02_1140	0.653	0.277
ECU02_1150	0.658	N/A
ECU02_1160	0.618	0.379
ECU02_1170	0.636	N/A
ECU02_1180	0.575	0.346
ECU02_1190	0.517	N/A
ECU02_1200	0.549	N/A
ECU02_1210	0.683	0.484
ECU02_1220	0.692	0.603
ECU02_1230	0.716	0.571
ECU02_1240	0.684	0.424
ECU02_1250	0.525	0.422
ECU02_1260	0.627	0.325
ECU02_1270	0.689	0.616
ECU02_1280	0.498	N/A
ECU02_1290	0.408	0.249
ECU02_1300	0.656	0.498
ECU02_1310	0.539	N/A
ECU02_1320	0.660	0.314
ECU02_1330	0.424	N/A
ECU02_1340	0.682	0.545
ECU02_1350	0.528	0.277
ECU02_1360	0.694	0.616
ECU02_1370	0.671	N/A
ECU02_1380	0.671	N/A
ECU02_1390	0.653	N/A
ECU02_1395	0.309	0.284
ECU02_1400	0.593	N/A
ECU02_1410	0.714	0.593
ECU02_1420	0.692	0.498
ECU02_1430	0.673	0.570
ECU02_1440	0.667	0.480
ECU02_1450	0.655	0.520
ECU02_1460	0.687	0.522
ECU02_1470	0.560	N/A
ECU02_1490	0.690	0.463
ECU02_1500	0.560	0.412
ECU02_1510	0.647	0.436
ECU02_1520	0.694	N/A
ECU02_1530	0.684	0.420
ECU02_1540	0.636	0.333
ECU02_1550	0.576	0.381
ECU02_1560	0.616	0.419
ECU02_1570	0.623	0.404
ECU02_1580	0.343	0.323
ECU02_1590	0.347	0.287
ECU03_0010	0.298	N/A
ECU03_0020	0.612	0.401
ECU03_0030	0.497	0.305
ECU03_0040	0.632	N/A
ECU03_0050	0.625	0.357
ECU03_0060	0.445	0.307
ECU03_0070	0.439	0.354
ECU03_0080	0.398	0.262
ECU03_0090	0.599	0.301
ECU03_0100	0.661	0.460
ECU03_0110	0.607	0.350
ECU03_0120	0.524	0.329
ECU03_0130	0.571	0.366
ECU03_0150	0.654	0.512
ECU03_0160	0.499	0.410
ECU03_0170	0.590	0.317
ECU03_0180	0.541	0.371
ECU03_0190	0.434	0.308
ECU03_0200	0.675	N/A
ECU03_0210	0.538	N/A
ECU03_0220	0.686	0.511
ECU03_0230	0.622	0.479
ECU03_0240	0.666	N/A
ECU03_0250	0.617	0.343
ECU03_0260	0.341	0.312
ECU03_0270	0.690	0.401
ECU03_0280	0.675	N/A
ECU03_0290	0.623	N/A
ECU03_0300	0.673	0.448
ECU03_0305	0.702	0.592
ECU03_0310	0.597	N/A
ECU03_0320	0.525	0.389
ECU03_0330	0.661	0.495
ECU03_0340	0.696	0.475
ECU03_0350	0.473	N/A
ECU03_0360	0.674	0.554
ECU03_0370	0.609	0.389
ECU03_0375	0.497	N/A
ECU03_0377	0.499	0.233
ECU03_0390	0.681	0.421
ECU03_0400	0.613	0.353
ECU03_0410	0.644	N/A
ECU03_0420	0.611	0.310
ECU03_0430	0.724	0.481
ECU03_0440	0.663	0.551
ECU03_0450	0.372	0.232
ECU03_0460	0.656	0.474
ECU03_0470	0.659	0.492
ECU03_0480	0.610	0.310
ECU03_0490	0.542	0.391
ECU03_0500	0.659	N/A
ECU03_0510	0.661	0.426
ECU03_0520	0.683	N/A
ECU03_0530	0.674	0.533
ECU03_0540	0.680	0.542
ECU03_0550	0.645	N/A
ECU03_0560	0.659	0.467
ECU03_0570	0.648	N/A
ECU03_0580	0.672	0.412
ECU03_0590	0.619	0.315
ECU03_0600	0.626	0.378
ECU03_0610	0.608	0.419
ECU03_0620	0.676	0.517
ECU03_0630	0.658	0.444
ECU03_0640	0.613	N/A
ECU03_0650	0.631	0.438
ECU03_0660	0.638	N/A
ECU03_0670	0.657	0.522
ECU03_0680	0.673	0.520
ECU03_0690	0.337	0.223
ECU03_0700	0.665	0.537
ECU03_0710	0.458	0.358
ECU03_0730	0.521	0.448
ECU03_0750	0.659	0.561
ECU03_0760	0.593	0.442
ECU03_0770	0.537	0.281
ECU03_0780	0.643	0.345
ECU03_0790	0.479	0.371
ECU03_0800	0.719	0.533
ECU03_0810	0.684	0.579
ECU03_0820	0.676	0.602
ECU03_0830	0.607	N/A
ECU03_0840	0.604	0.440
ECU03_0850	0.537	N/A
ECU03_0860	0.525	0.319
ECU03_0870	0.503	0.372
ECU03_0880	0.445	0.301
ECU03_0890	0.558	N/A
ECU03_0900	0.684	N/A
ECU03_0910	0.687	0.616
ECU03_0920	0.567	0.502
ECU03_0930	0.698	0.561
ECU03_0940	0.381	0.281
ECU03_0950	0.651	N/A
ECU03_0960	0.684	0.393
ECU03_0970	0.386	0.281
ECU03_0980	0.537	0.419
ECU03_0990	0.404	N/A
ECU03_1000	0.623	0.302
ECU03_1010	0.659	0.594
ECU03_1020	0.671	0.370
ECU03_1030	0.706	0.510
ECU03_1040	0.446	0.387
ECU03_1050	0.636	0.330
ECU03_1060	0.633	0.363
ECU03_1070	0.397	N/A
ECU03_1080	0.684	0.582
ECU03_1090	0.701	N/A
ECU03_1100	0.600	0.424
ECU03_1110	0.686	0.396
ECU03_1115	0.664	N/A
ECU03_1120	0.659	0.498
ECU03_1130	0.670	0.506
ECU03_1140	0.656	N/A
ECU03_1150	0.561	N/A
ECU03_1160	0.660	N/A
ECU03_1170	0.378	0.313
ECU03_1175	0.623	0.319
ECU03_1180	0.544	0.384
ECU03_1190	0.702	N/A
ECU03_1200	0.577	0.370
ECU03_1220	0.606	0.434
ECU03_1230	0.649	N/A
ECU03_1240	0.687	0.548
ECU03_1250	0.535	0.283
ECU03_1260	0.492	N/A
ECU03_1270	0.690	N/A
ECU03_1280	0.677	N/A
ECU03_1290	0.657	0.445
ECU03_1300	0.704	0.264
ECU03_1310	0.485	0.411
ECU03_1320	0.641	0.420
ECU03_1330	0.618	0.463
ECU03_1340	0.515	0.343
ECU03_1350	0.697	0.574
ECU03_1360	0.693	N/A
ECU03_1370	0.683	0.621
ECU03_1380	0.691	0.559
ECU03_1390	0.700	0.506
ECU03_1395	0.521	0.479
ECU03_1400	0.668	0.392
ECU03_1410	0.678	0.428
ECU03_1420	0.566	0.319
ECU03_1430	0.626	0.503
ECU03_1440	0.705	0.394
ECU03_1450	0.562	0.380
ECU03_1460	0.445	0.374
ECU03_1470	0.672	N/A
ECU03_1480	0.493	N/A
ECU03_1490	0.581	0.396
ECU03_1500	0.614	0.349
ECU03_1505	0.310	0.281
ECU03_1510	0.368	N/A
ECU03_1520	0.637	0.484
ECU03_1530	0.643	N/A
ECU03_1535	0.608	0.244
ECU03_1540	0.532	0.275
ECU03_1550	0.488	0.329
ECU03_1560	0.666	0.490
ECU03_1570	0.634	N/A
ECU03_1580	0.473	0.362
ECU03_1590	0.614	N/A
ECU03_1600	0.602	0.425
ECU03_1610	0.424	N/A
ECU03_1620	0.644	0.369
ECU04_0010	0.326	N/A
ECU04_0030	0.300	0.332
ECU04_0040	0.437	0.292
ECU04_0050	0.387	0.287
ECU04_0060	0.337	0.287
ECU04_0070	0.502	0.323
ECU04_0080	0.632	0.404
ECU04_0090	0.625	0.419
ECU04_0100	0.564	0.386
ECU04_0110	0.624	0.268
ECU04_0120	0.601	0.409
ECU04_0125	0.398	0.318
ECU04_0130	0.544	0.315
ECU04_0140	0.650	N/A
ECU04_0150	0.586	0.259
ECU04_0155	0.455	N/A
ECU04_0160	0.686	N/A
ECU04_0170	0.619	N/A
ECU04_0180	0.619	0.352
ECU04_0190	0.592	0.412
ECU04_0200	0.681	0.445
ECU04_0210	0.656	0.528
ECU04_0230	0.563	N/A
ECU04_0240	0.641	N/A
ECU04_0250	0.700	N/A
ECU04_0260	0.589	0.418
ECU04_0270	0.320	0.255
ECU04_0280	0.627	N/A
ECU04_0290	0.605	N/A
ECU04_0300	0.685	0.424
ECU04_0310	0.683	N/A
ECU04_0320	0.672	N/A
ECU04_0330	0.616	0.476
ECU04_0340	0.490	0.358
ECU04_0350	0.670	N/A
ECU04_0360	0.532	0.328
ECU04_0370	0.683	N/A
ECU04_0380	0.673	0.419
ECU04_0400	0.496	0.336
ECU04_0410	0.555	0.328
ECU04_0415	0.516	0.345
ECU04_0420	0.623	N/A
ECU04_0430	0.539	N/A
ECU04_0440	0.649	N/A
ECU04_0450	0.632	0.534
ECU04_0460	0.718	0.541
ECU04_0470	0.710	0.458
ECU04_0480	0.653	0.510
ECU04_0485	0.647	0.347
ECU04_0490	0.656	0.340
ECU04_0500	0.444	0.252
ECU04_0510	0.575	0.463
ECU04_0520	0.494	0.300
ECU04_0530	0.440	0.325
ECU04_0540	0.645	N/A
ECU04_0550	0.590	0.330
ECU04_0560	0.487	N/A
ECU04_0570	0.670	0.438
ECU04_0575	0.631	N/A
ECU04_0580	0.677	0.616
ECU04_0590	0.653	0.460
ECU04_0600	0.717	0.551
ECU04_0610	0.575	0.265
ECU04_0620	0.721	0.390
ECU04_0630	0.668	0.582
ECU04_0640	0.562	N/A
ECU04_0650	0.596	0.339
ECU04_0660	0.667	0.363
ECU04_0670	0.631	0.353
ECU04_0680	0.578	0.470
ECU04_0690	0.514	N/A
ECU04_0700	0.699	0.663
ECU04_0710	0.533	0.452
ECU04_0715	0.431	0.284
ECU04_0720	0.596	N/A
ECU04_0725	0.556	N/A
ECU04_0730	0.734	0.525
ECU04_0740	0.623	N/A
ECU04_0750	0.693	0.567
ECU04_0760	0.635	0.468
ECU04_0770	0.520	0.296
ECU04_0780	0.710	0.642
ECU04_0790	0.628	0.539
ECU04_0800	0.572	0.289
ECU04_0810	0.703	0.579
ECU04_0820	0.615	0.475
ECU04_0830	0.615	N/A
ECU04_0840	0.715	0.445
ECU04_0850	0.652	0.451
ECU04_0860	0.671	0.387
ECU04_0870	0.695	0.401
ECU04_0880	0.648	N/A
ECU04_0890	0.687	N/A
ECU04_0900	0.688	0.574
ECU04_0910	0.663	N/A
ECU04_0920	0.561	N/A
ECU04_0925	0.595	N/A
ECU04_0930	0.629	0.307
ECU04_0940	0.545	0.418
ECU04_0950	0.480	0.372
ECU04_0960	0.656	N/A
ECU04_0970	0.465	0.360
ECU04_0980	0.692	N/A
ECU04_0990	0.438	0.343
ECU04_1000	0.560	0.367
ECU04_1005	0.415	0.356
ECU04_1010	0.591	0.228
ECU04_1015	0.590	0.465
ECU04_1020	0.660	0.516
ECU04_1030	0.447	0.361
ECU04_1040	0.587	0.290
ECU04_1050	0.458	0.415
ECU04_1060	0.687	0.525
ECU04_1070	0.678	0.548
ECU04_1080	0.378	0.380
ECU04_1090	0.669	N/A
ECU04_1100	0.700	0.570
ECU04_1110	0.699	0.508
ECU04_1120	0.470	0.336
ECU04_1140	0.703	0.540
ECU04_1150	0.621	N/A
ECU04_1160	0.685	0.614
ECU04_1170	0.571	N/A
ECU04_1180	0.681	0.489
ECU04_1190	0.699	0.453
ECU04_1200	0.563	0.280
ECU04_1210	0.661	N/A
ECU04_1220	0.666	0.562
ECU04_1230	0.511	0.309
ECU04_1240	0.590	0.466
ECU04_1250	0.637	0.583
ECU04_1260	0.635	0.352
ECU04_1280	0.680	0.390
ECU04_1290	0.692	0.549
ECU04_1300	0.561	0.388
ECU04_1310	0.583	0.407
ECU04_1320	0.727	N/A
ECU04_1330	0.593	0.294
ECU04_1340	0.699	0.415
ECU04_1350	0.577	0.378
ECU04_1355	0.599	0.324
ECU04_1357	0.531	0.377
ECU04_1360	0.588	N/A
ECU04_1370	0.421	N/A
ECU04_1380	0.634	0.511
ECU04_1390	0.486	N/A
ECU04_1400	0.639	N/A
ECU04_1410	0.294	0.234
ECU04_1420	0.642	N/A
ECU04_1422	0.618	0.484
ECU04_1425	0.394	0.383
ECU04_1430	0.591	N/A
ECU04_1435	0.397	0.291
ECU04_1440	0.662	0.617
ECU04_1450	0.615	N/A
ECU04_1460	0.615	0.282
ECU04_1470	0.690	N/A
ECU04_1480	0.603	0.461
ECU04_1490	0.578	N/A
ECU04_1500	0.727	N/A
ECU04_1510	0.729	0.394
ECU04_1520	0.697	N/A
ECU04_1530	0.651	N/A
ECU04_1540	0.620	N/A
ECU04_1550	0.630	0.462
ECU04_1560	0.657	N/A
ECU04_1570	0.539	N/A
ECU04_1580	0.713	N/A
ECU04_1590	0.627	N/A
ECU04_1600	0.670	0.447
ECU04_1605	0.546	0.382
ECU04_1610	0.544	0.309
ECU04_1620	0.609	0.430
ECU04_1625	0.459	0.454
ECU04_1630	0.659	N/A
ECU04_1640	0.556	0.426
ECU04_1650	0.507	0.358
ECU04_1660	0.536	N/A
ECU04_1670	0.615	0.310
ECU04_1680	0.443	0.354
ECU04_1690	0.651	0.371
ECU04_1700	0.631	0.360
ECU04_1710	0.336	0.336
ECU05_0010	0.442	N/A
ECU05_0020	0.346	0.287
ECU05_0030	0.475	N/A
ECU05_0040	0.592	0.305
ECU05_0050	0.630	0.385
ECU05_0060	0.605	N/A
ECU05_0070	0.668	0.285
ECU05_0080	0.688	N/A
ECU05_0085	0.378	0.284
ECU05_0090	0.665	0.503
ECU05_0100	0.609	0.251
ECU05_0110	0.343	N/A
ECU05_0120	0.548	0.371
ECU05_0140	0.562	N/A
ECU05_0150	0.459	0.364
ECU05_0160	0.686	N/A
ECU05_0180	0.697	0.284
ECU05_0185	0.287	0.257
ECU05_0190	0.686	0.419
ECU05_0200	0.577	0.279
ECU05_0210	0.683	N/A
ECU05_0220	0.652	0.413
ECU05_0230	0.638	N/A
ECU05_0240	0.694	0.498
ECU05_0250	0.635	0.513
ECU05_0260	0.695	N/A
ECU05_0270	0.689	N/A
ECU05_0275	0.592	0.518
ECU05_0280	0.635	0.531
ECU05_0290	0.667	0.553
ECU05_0300	0.631	0.355
ECU05_0310	0.731	0.596
ECU05_0320	0.675	0.516
ECU05_0330	0.687	0.435
ECU05_0340	0.515	0.335
ECU05_0350	0.556	0.330
ECU05_0360	0.632	N/A
ECU05_0370	0.628	0.448
ECU05_0380	0.693	0.461
ECU05_0390	0.638	0.408
ECU05_0400	0.625	N/A
ECU05_0410	0.679	0.610
ECU05_0420	0.614	N/A
ECU05_0430	0.566	N/A
ECU05_0440	0.689	0.511
ECU05_0450	0.411	0.303
ECU05_0460	0.703	0.465
ECU05_0465	0.402	0.353
ECU05_0470	0.692	N/A
ECU05_0480	0.678	0.404
ECU05_0490	0.544	N/A
ECU05_0495	0.422	0.488
ECU05_0500	0.580	0.386
ECU05_0510	0.424	N/A
ECU05_0520	0.503	N/A
ECU05_0530	0.403	0.295
ECU05_0550	0.731	N/A
ECU05_0560	0.597	N/A
ECU05_0570	0.667	N/A
ECU05_0580	0.637	0.434
ECU05_0590	0.519	N/A
ECU05_0600	0.618	0.499
ECU05_0610	0.393	N/A
ECU05_0620	0.700	0.500
ECU05_0630	0.575	0.381
ECU05_0640	0.514	N/A
ECU05_0650	0.678	0.585
ECU05_0660	0.572	N/A
ECU05_0670	0.577	N/A
ECU05_0680	0.655	0.381
ECU05_0690	0.659	0.371
ECU05_0700	0.660	0.439
ECU05_0710	0.697	0.379
ECU05_0720	0.613	N/A
ECU05_0730	0.665	0.473
ECU05_0740	0.742	0.497
ECU05_0750	0.644	0.490
ECU05_0760	0.659	0.515
ECU05_0770	0.470	N/A
ECU05_0780	0.648	0.500
ECU05_0785	0.479	0.313
ECU05_0790	0.513	0.314
ECU05_0800	0.574	N/A
ECU05_0810	0.674	N/A
ECU05_0820	0.524	0.414
ECU05_0830	0.630	0.384
ECU05_0840	0.578	N/A
ECU05_0850	0.640	0.410
ECU05_0860	0.669	0.585
ECU05_0870	0.662	0.469
ECU05_0880	0.392	0.299
ECU05_0885	0.525	0.299
ECU05_0890	0.408	0.272
ECU05_0900	0.449	N/A
ECU05_0910	0.590	0.564
ECU05_0920	0.625	N/A
ECU05_0930	0.631	0.463
ECU05_0940	0.667	0.340
ECU05_0950	0.633	N/A
ECU05_0960	0.548	N/A
ECU05_0970	0.640	N/A
ECU05_0980	0.678	0.589
ECU05_0990	0.667	0.483
ECU05_1000	0.666	N/A
ECU05_1010	0.674	0.483
ECU05_1020	0.698	N/A
ECU05_1030	0.694	N/A
ECU05_1040	0.622	0.349
ECU05_1050	0.661	N/A
ECU05_1060	0.651	N/A
ECU05_1070	0.609	N/A
ECU05_1075	0.573	0.304
ECU05_1080	0.663	N/A
ECU05_1090	0.557	0.429
ECU05_1100	0.671	N/A
ECU05_1110	0.704	0.502
ECU05_1120	0.702	N/A
ECU05_1130	0.682	N/A
ECU05_1140	0.673	0.526
ECU05_1150	0.699	0.433
ECU05_1160	0.570	0.350
ECU05_1165	0.515	0.372
ECU05_1170	0.633	N/A
ECU05_1180	0.492	0.307
ECU05_1190	0.642	0.512
ECU05_1200	0.522	0.364
ECU05_1210	0.649	N/A
ECU05_1220	0.518	0.422
ECU05_1230	0.642	N/A
ECU05_1240	0.690	0.500
ECU05_1250	0.592	0.378
ECU05_1260	0.601	N/A
ECU05_1270	0.672	N/A
ECU05_1280	0.610	0.473
ECU05_1290	0.426	0.265
ECU05_1300	0.619	0.220
ECU05_1310	0.600	0.498
ECU05_1320	0.632	0.437
ECU05_1330	0.317	N/A
ECU05_1340	0.676	0.529
ECU05_1350	0.701	0.544
ECU05_1360	0.711	0.526
ECU05_1370	0.637	0.436
ECU05_1380	0.679	N/A
ECU05_1390	0.681	0.360
ECU05_1400	0.681	0.630
ECU05_1410	0.617	0.319
ECU05_1420	0.715	0.468
ECU05_1430	0.607	0.388
ECU05_1440	0.492	0.390
ECU05_1450	0.654	0.301
ECU05_1460	0.630	0.360
ECU05_1470	0.684	0.269
ECU05_1480	0.464	N/A
ECU05_1490	0.676	0.542
ECU05_1495	0.722	N/A
ECU05_1500	0.600	0.417
ECU05_1510	0.698	N/A
ECU05_1520	0.681	0.446
ECU05_1530	0.636	0.410
ECU05_1540	0.639	0.436
ECU05_1550	0.583	N/A
ECU05_1560	0.621	0.367
ECU05_1570	0.486	N/A
ECU05_1580	0.525	0.360
ECU05_1590	0.650	N/A
ECU05_1600	0.537	0.337
ECU05_1610	0.593	0.354
ECU05_1630	0.378	0.321
ECU05_1640	0.614	0.337
ECU05_1650	0.498	N/A
ECU05_1660	0.600	0.390
ECU05_1670	0.430	0.273
ECU05_1680	0.605	N/A
ECU05_1690	0.615	0.395
ECU06_0010	0.593	0.305
ECU06_0020	0.619	0.419
ECU06_0030	0.329	0.250
ECU06_0040	0.541	0.325
ECU06_0050	0.389	0.268
ECU06_0060	0.504	0.280
ECU06_0070	0.618	N/A
ECU06_0080	0.629	N/A
ECU06_0090	0.594	0.278
ECU06_0100	0.637	N/A
ECU06_0110	0.708	0.394
ECU06_0120	0.678	0.563
ECU06_0130	0.662	N/A
ECU06_0140	0.687	0.488
ECU06_0150	0.662	0.476
ECU06_0155	0.421	0.316
ECU06_0157	0.401	0.274
ECU06_0160	0.488	0.406
ECU06_0170	0.684	0.470
ECU06_0175	0.483	0.308
ECU06_0180	0.459	0.318
ECU06_0185	0.498	0.423
ECU06_0190	0.693	N/A
ECU06_0200	0.691	N/A
ECU06_0210	0.500	0.341
ECU06_0220	0.695	N/A
ECU06_0230	0.462	0.388
ECU06_0240	0.374	0.306
ECU06_0250	0.390	0.260
ECU06_0260	0.483	0.267
ECU06_0270	0.659	0.512
ECU06_0280	0.709	N/A
ECU06_0290	0.380	0.268
ECU06_0300	0.644	N/A
ECU06_0310	0.704	N/A
ECU06_0320	0.522	0.441
ECU06_0330	0.682	N/A
ECU06_0340	0.652	0.469
ECU06_0350	0.539	N/A
ECU06_0360	0.609	N/A
ECU06_0370	0.668	0.490
ECU06_0380	0.649	0.296
ECU06_0390	0.669	N/A
ECU06_0400	0.620	0.508
ECU06_0410	0.572	N/A
ECU06_0415	0.425	N/A
ECU06_0420	0.575	N/A
ECU06_0430	0.622	N/A
ECU06_0435	0.493	0.317
ECU06_0440	0.710	0.471
ECU06_0450	0.662	0.399
ECU06_0460	0.664	N/A
ECU06_0470	0.700	N/A
ECU06_0480	0.574	0.414
ECU06_0490	0.697	N/A
ECU06_0500	0.530	N/A
ECU06_0510	0.680	0.534
ECU06_0520	0.487	0.307
ECU06_0530	0.592	0.430
ECU06_0540	0.657	N/A
ECU06_0550	0.615	0.292
ECU06_0560	0.427	N/A
ECU06_0570	0.563	N/A
ECU06_0575	0.257	0.220
ECU06_0580	0.559	N/A
ECU06_0585	0.442	N/A
ECU06_0590	0.600	0.318
ECU06_0600	0.651	N/A
ECU06_0605	0.511	0.412
ECU06_0610	0.628	0.605
ECU06_0620	0.703	N/A
ECU06_0630	0.662	0.326
ECU06_0640	0.274	0.268
ECU06_0650	0.686	0.596
ECU06_0660	0.557	0.297
ECU06_0670	0.472	0.336
ECU06_0680	0.506	N/A
ECU06_0710	0.652	0.390
ECU06_0720	0.674	0.531
ECU06_0730	0.650	N/A
ECU06_0740	0.535	N/A
ECU06_0750	0.699	0.532
ECU06_0760	0.554	0.407
ECU06_0770	0.609	0.365
ECU06_0780	0.672	0.406
ECU06_0790	0.682	0.556
ECU06_0800	0.591	0.354
ECU06_0810	0.624	0.320
ECU06_0820	0.680	N/A
ECU06_0830	0.592	N/A
ECU06_0840	0.682	0.624
ECU06_0850	0.428	N/A
ECU06_0860	0.464	N/A
ECU06_0870	0.624	0.318
ECU06_0880	0.661	0.454
ECU06_0890	0.637	0.410
ECU06_0900	0.621	0.425
ECU06_0910	0.649	0.314
ECU06_0920	0.587	N/A
ECU06_0930	0.682	0.523
ECU06_0935	0.376	0.305
ECU06_0940	0.708	N/A
ECU06_0950	0.634	N/A
ECU06_0960	0.568	0.404
ECU06_0970	0.721	N/A
ECU06_0980	0.685	0.313
ECU06_0990	0.690	N/A
ECU06_1000	0.621	0.482
ECU06_1010	0.508	0.400
ECU06_1020	0.584	0.395
ECU06_1030	0.722	0.559
ECU06_1040	0.709	N/A
ECU06_1050	0.583	0.317
ECU06_1060	0.416	0.334
ECU06_1070	0.540	0.332
ECU06_1080	0.559	N/A
ECU06_1090	0.581	N/A
ECU06_1100	0.606	N/A
ECU06_1110	0.591	0.450
ECU06_1120	0.508	N/A
ECU06_1130	0.706	N/A
ECU06_1135	0.480	0.355
ECU06_1140	0.537	0.503
ECU06_1150	0.499	0.326
ECU06_1160	0.412	N/A
ECU06_1170	0.593	N/A
ECU06_1180	0.336	0.277
ECU06_1190	0.678	0.535
ECU06_1200	0.330	N/A
ECU06_1210	0.586	0.306
ECU06_1215	0.632	0.407
ECU06_1217	0.579	0.403
ECU06_1220	0.620	0.385
ECU06_1230	0.666	0.402
ECU06_1240	0.611	0.342
ECU06_1250	0.638	0.438
ECU06_1260	0.587	N/A
ECU06_1270	0.613	0.472
ECU06_1280	0.655	N/A
ECU06_1290	0.636	0.451
ECU06_1300	0.683	N/A
ECU06_1310	0.533	N/A
ECU06_1320	0.618	0.348
ECU06_1330	0.629	0.397
ECU06_1340	0.519	0.288
ECU06_1350	0.608	N/A
ECU06_1360	0.654	0.402
ECU06_1370	0.509	0.410
ECU06_1380	0.678	N/A
ECU06_1390	0.682	0.288
ECU06_1400	0.545	0.347
ECU06_1405	0.345	N/A
ECU06_1410	0.644	N/A
ECU06_1420	0.647	0.440
ECU06_1425	0.448	0.366
ECU06_1430	0.580	0.467
ECU06_1440	0.707	0.592
ECU06_1445	0.437	0.389
ECU06_1450	0.648	0.466
ECU06_1460	0.712	N/A
ECU06_1470	0.670	N/A
ECU06_1480	0.696	0.506
ECU06_1490	0.727	0.612
ECU06_1500	0.647	0.372
ECU06_1510	0.493	N/A
ECU06_1520	0.654	0.494
ECU06_1530	0.656	N/A
ECU06_1540	0.381	0.236
ECU06_1550	0.703	0.557
ECU06_1560	0.576	0.338
ECU06_1570	0.607	0.466
ECU06_1580	0.563	N/A
ECU06_1590	0.687	0.354
ECU06_1600	0.578	0.358
ECU06_1610	0.627	0.342
ECU06_1620	0.608	0.300
ECU06_1630	0.470	0.267
ECU06_1640	0.623	0.366
ECU06_1650	0.534	0.348
ECU06_1660	0.335	0.300
ECU06_1670	0.459	N/A
ECU06_1680	0.546	0.318
ECU06_1690	0.310	N/A
ECU06_1700	0.610	0.419
ECU06_1710	0.527	0.305
ECU07_0010	0.293	0.302
ECU07_0020	0.389	0.285
ECU07_0030	0.351	N/A
ECU07_0040	0.632	N/A
ECU07_0050	0.563	0.301
ECU07_0060	0.637	0.408
ECU07_0070	0.621	N/A
ECU07_0080	0.650	0.457
ECU07_0090	0.654	0.524
ECU07_0100	0.687	0.501
ECU07_0110	0.503	0.382
ECU07_0120	0.579	0.265
ECU07_0130	0.555	0.352
ECU07_0140	0.646	0.363
ECU07_0150	0.725	N/A
ECU07_0160	0.649	N/A
ECU07_0170	0.433	N/A
ECU07_0180	0.686	0.507
ECU07_0190	0.641	0.480
ECU07_0200	0.645	0.314
ECU07_0210	0.441	0.345
ECU07_0220	0.592	N/A
ECU07_0230	0.685	0.416
ECU07_0240	0.486	0.297
ECU07_0250	0.599	0.368
ECU07_0260	0.624	N/A
ECU07_0270	0.591	0.408
ECU07_0280	0.696	N/A
ECU07_0290	0.470	0.320
ECU07_0300	0.524	0.342
ECU07_0310	0.688	N/A
ECU07_0320	0.676	N/A
ECU07_0330	0.460	N/A
ECU07_0340	0.663	N/A
ECU07_0350	0.648	0.407
ECU07_0355	0.685	N/A
ECU07_0360	0.670	N/A
ECU07_0370	0.684	0.472
ECU07_0380	0.726	N/A
ECU07_0390	0.635	0.286
ECU07_0400	0.264	0.280
ECU07_0410	0.697	N/A
ECU07_0420	0.328	N/A
ECU07_0430	0.604	0.309
ECU07_0440	0.525	N/A
ECU07_0450	0.652	0.388
ECU07_0455	0.515	0.297
ECU07_0460	0.702	N/A
ECU07_0470	0.352	0.322
ECU07_0480	0.504	0.342
ECU07_0490	0.669	0.494
ECU07_0500	0.591	N/A
ECU07_0510	0.652	N/A
ECU07_0520	0.666	0.570
ECU07_0530	0.656	0.374
ECU07_0540	0.687	0.548
ECU07_0550	0.441	N/A
ECU07_0560	0.699	0.477
ECU07_0570	0.572	0.333
ECU07_0580	0.307	0.322
ECU07_0590	0.646	N/A
ECU07_0600	0.589	0.433
ECU07_0610	0.593	N/A
ECU07_0620	0.464	0.376
ECU07_0630	0.639	N/A
ECU07_0640	0.591	0.373
ECU07_0650	0.547	0.318
ECU07_0660	0.626	0.482
ECU07_0670	0.428	0.324
ECU07_0680	0.615	N/A
ECU07_0690	0.699	N/A
ECU07_0700	0.576	0.301
ECU07_0710	0.628	0.326
ECU07_0720	0.647	0.440
ECU07_0730	0.642	N/A
ECU07_0740	0.636	0.522
ECU07_0750	0.690	0.617
ECU07_0760	0.597	N/A
ECU07_0770	0.677	0.459
ECU07_0780	0.577	0.410
ECU07_0790	0.626	0.278
ECU07_0800	0.709	N/A
ECU07_0810	0.646	0.322
ECU07_0820	0.634	0.489
ECU07_0830	0.607	0.404
ECU07_0840	0.719	0.369
ECU07_0850	0.357	0.340
ECU07_0860	0.629	N/A
ECU07_0865	0.643	0.509
ECU07_0870	0.724	N/A
ECU07_0880	0.643	N/A
ECU07_0890	0.634	0.482
ECU07_0900	0.691	0.359
ECU07_0910	0.665	0.405
ECU07_0920	0.682	0.465
ECU07_0930	0.497	0.313
ECU07_0940	0.627	0.515
ECU07_0950	0.696	0.586
ECU07_0960	0.686	N/A
ECU07_0965	0.373	0.381
ECU07_0970	0.562	0.360
ECU07_0980	0.655	0.513
ECU07_0985	0.597	N/A
ECU07_0990	0.374	0.244
ECU07_1000	0.600	0.317
ECU07_1005	0.561	0.451
ECU07_1007	0.364	0.400
ECU07_1010	0.685	N/A
ECU07_1020	0.627	0.469
ECU07_1030	0.476	N/A
ECU07_1040	0.657	0.549
ECU07_1050	0.713	0.562
ECU07_1060	0.699	N/A
ECU07_1070	0.409	N/A
ECU07_1080	0.586	0.294
ECU07_1090	0.468	N/A
ECU07_1100	0.643	0.494
ECU07_1110	0.585	0.343
ECU07_1115	0.278	N/A
ECU07_1120	0.661	0.309
ECU07_1130	0.561	N/A
ECU07_1140	0.637	0.340
ECU07_1150	0.693	N/A
ECU07_1160	0.306	0.335
ECU07_1170	0.681	0.512
ECU07_1180	0.516	N/A
ECU07_1190	0.673	0.601
ECU07_1200	0.536	0.356
ECU07_1210	0.311	0.336
ECU07_1220	0.617	0.353
ECU07_1230	0.688	0.494
ECU07_1240	0.471	0.352
ECU07_1250	0.639	N/A
ECU07_1260	0.651	0.476
ECU07_1270	0.693	0.515
ECU07_1280	0.699	0.580
ECU07_1290	0.737	0.495
ECU07_1300	0.628	N/A
ECU07_1310	0.580	N/A
ECU07_1320	0.642	0.311
ECU07_1330	0.662	0.367
ECU07_1340	0.555	0.326
ECU07_1350	0.662	N/A
ECU07_1360	0.628	0.358
ECU07_1370	0.624	N/A
ECU07_1380	0.611	N/A
ECU07_1390	0.325	0.291
ECU07_1410	0.657	0.539
ECU07_1420	0.587	0.465
ECU07_1430	0.650	0.319
ECU07_1440	0.631	N/A
ECU07_1450	0.659	0.286
ECU07_1460	0.469	0.341
ECU07_1470	0.582	0.266
ECU07_1480	0.606	N/A
ECU07_1490	0.413	0.479
ECU07_1500	0.651	0.398
ECU07_1520	0.466	0.312
ECU07_1530	0.375	0.267
ECU07_1550	0.309	0.312
ECU07_1560	0.560	0.309
ECU07_1570	0.708	0.572
ECU07_1580	0.636	N/A
ECU07_1590	0.372	N/A
ECU07_1600	0.593	N/A
ECU07_1610	0.710	0.498
ECU07_1620	0.539	0.446
ECU07_1630	0.671	N/A
ECU07_1640	0.600	0.482
ECU07_1650	0.541	0.341
ECU07_1655	0.416	N/A
ECU07_1660	0.648	0.462
ECU07_1670	0.693	0.476
ECU07_1680	0.625	0.520
ECU07_1690	0.645	0.351
ECU07_1700	0.636	N/A
ECU07_1710	0.710	N/A
ECU07_1720	0.695	0.495
ECU07_1730	0.347	0.260
ECU07_1740	0.356	0.319
ECU07_1750	0.692	N/A
ECU07_1760	0.535	N/A
ECU07_1770	0.376	N/A
ECU07_1780	0.611	0.407
ECU07_1790	0.681	0.351
ECU07_1800	0.500	N/A
ECU07_1805	0.399	0.310
ECU07_1810	0.514	0.338
ECU07_1820	0.567	0.331
ECU07_1830	0.653	0.541
ECU07_1840	0.690	N/A
ECU07_1850	0.600	0.314
ECU07_1860	0.457	N/A
ECU07_1870	0.579	0.320
ECU07_1880	0.454	0.257
ECU07_1890	0.555	N/A
ECU08_0010	0.640	0.419
ECU08_0020	0.581	N/A
ECU08_0030	0.609	N/A
ECU08_0040	0.616	0.334
ECU08_0050	0.641	0.265
ECU08_0060	0.635	N/A
ECU08_0070	0.703	N/A
ECU08_0080	0.698	0.474
ECU08_0090	0.672	0.556
ECU08_0100	0.554	N/A
ECU08_0110	0.592	0.419
ECU08_0120	0.507	0.283
ECU08_0130	0.707	0.484
ECU08_0135	0.585	0.489
ECU08_0140	0.557	N/A
ECU08_0145	0.439	0.340
ECU08_0150	0.526	N/A
ECU08_0160	0.659	N/A
ECU08_0170	0.706	0.436
ECU08_0180	0.683	0.402
ECU08_0190	0.645	0.350
ECU08_0200	0.674	0.475
ECU08_0210	0.557	N/A
ECU08_0230	0.680	0.535
ECU08_0240	0.632	0.355
ECU08_0250	0.673	0.434
ECU08_0260	0.634	0.497
ECU08_0265	0.555	0.431
ECU08_0270	0.684	0.413
ECU08_0280	0.689	0.605
ECU08_0290	0.651	0.499
ECU08_0300	0.630	0.364
ECU08_0310	0.712	N/A
ECU08_0320	0.565	0.458
ECU08_0325	0.618	0.289
ECU08_0330	0.654	N/A
ECU08_0340	0.650	0.335
ECU08_0350	0.608	N/A
ECU08_0360	0.645	0.448
ECU08_0370	0.611	N/A
ECU08_0380	0.615	0.417
ECU08_0390	0.593	0.549
ECU08_0400	0.685	0.450
ECU08_0410	0.491	0.431
ECU08_0420	0.365	N/A
ECU08_0430	0.601	0.362
ECU08_0440	0.583	0.528
ECU08_0450	0.567	0.347
ECU08_0460	0.653	N/A
ECU08_0470	0.681	0.625
ECU08_0480	0.670	N/A
ECU08_0490	0.684	0.538
ECU08_0495	0.385	N/A
ECU08_0500	0.558	0.418
ECU08_0510	0.664	0.394
ECU08_0520	0.686	N/A
ECU08_0530	0.660	N/A
ECU08_0540	0.572	0.314
ECU08_0545	0.680	0.546
ECU08_0550	0.704	0.565
ECU08_0560	0.398	0.296
ECU08_0570	0.556	N/A
ECU08_0575	0.369	0.404
ECU08_0580	0.568	0.323
ECU08_0590	0.618	N/A
ECU08_0600	0.564	N/A
ECU08_0610	0.687	0.483
ECU08_0620	0.689	0.399
ECU08_0630	0.724	0.571
ECU08_0640	0.610	N/A
ECU08_0650	0.676	N/A
ECU08_0655	0.372	0.413
ECU08_0660	0.647	0.417
ECU08_0670	0.670	0.605
ECU08_0680	0.629	0.461
ECU08_0690	0.685	N/A
ECU08_0700	0.544	0.330
ECU08_0710	0.660	N/A
ECU08_0720	0.581	0.263
ECU08_0730	0.651	0.529
ECU08_0740	0.706	N/A
ECU08_0750	0.320	0.258
ECU08_0760	0.665	N/A
ECU08_0765	0.672	0.526
ECU08_0770	0.659	0.531
ECU08_0780	0.599	N/A
ECU08_0790	0.644	0.331
ECU08_0800	0.573	0.391
ECU08_0810	0.666	N/A
ECU08_0830	0.575	0.453
ECU08_0840	0.612	0.364
ECU08_0850	0.688	0.659
ECU08_0860	0.626	0.528
ECU08_0870	0.697	N/A
ECU08_0880	0.645	0.480
ECU08_0890	0.624	N/A
ECU08_0900	0.654	0.530
ECU08_0910	0.518	N/A
ECU08_0920	0.465	0.315
ECU08_0930	0.676	N/A
ECU08_0950	0.621	N/A
ECU08_0960	0.425	0.242
ECU08_0970	0.622	N/A
ECU08_0980	0.350	0.281
ECU08_0985	0.695	0.432
ECU08_0990	0.296	0.259
ECU08_1000	0.636	0.373
ECU08_1010	0.471	N/A
ECU08_1020	0.579	N/A
ECU08_1030	0.653	N/A
ECU08_1040	0.529	0.411
ECU08_1050	0.339	0.272
ECU08_1060	0.586	N/A
ECU08_1070	0.516	0.411
ECU08_1080	0.638	0.595
ECU08_1090	0.670	0.522
ECU08_1100	0.682	0.327
ECU08_1110	0.711	N/A
ECU08_1120	0.720	0.481
ECU08_1130	0.668	0.499
ECU08_1140	0.620	0.351
ECU08_1150	0.659	0.431
ECU08_1160	0.642	N/A
ECU08_1165	0.495	0.375
ECU08_1170	0.645	N/A
ECU08_1180	0.512	0.318
ECU08_1190	0.661	0.469
ECU08_1200	0.681	0.500
ECU08_1210	0.542	0.347
ECU08_1220	0.479	0.349
ECU08_1225	0.675	0.268
ECU08_1230	0.619	0.341
ECU08_1240	0.683	0.386
ECU08_1250	0.696	N/A
ECU08_1260	0.670	N/A
ECU08_1270	0.697	0.607
ECU08_1280	0.669	0.385
ECU08_1290	0.700	0.561
ECU08_1300	0.671	0.330
ECU08_1320	0.492	0.395
ECU08_1330	0.503	0.377
ECU08_1340	0.595	0.442
ECU08_1350	0.673	N/A
ECU08_1370	0.641	0.302
ECU08_1380	0.616	0.360
ECU08_1390	0.525	0.354
ECU08_1400	0.342	N/A
ECU08_1410	0.456	0.278
ECU08_1420	0.656	0.397
ECU08_1425	0.690	N/A
ECU08_1430	0.574	0.401
ECU08_1440	0.591	0.325
ECU08_1450	0.673	N/A
ECU08_1470	0.654	N/A
ECU08_1480	0.678	N/A
ECU08_1490	0.463	0.287
ECU08_1500	0.570	N/A
ECU08_1510	0.466	0.240
ECU08_1520	0.679	0.399
ECU08_1530	0.698	0.411
ECU08_1540	0.462	N/A
ECU08_1550	0.341	N/A
ECU08_1560	0.523	N/A
ECU08_1570	0.621	0.415
ECU08_1580	0.661	0.530
ECU08_1590	0.625	0.370
ECU08_1600	0.608	N/A
ECU08_1610	0.640	N/A
ECU08_1620	0.615	0.371
ECU08_1630	0.408	0.246
ECU08_1640	0.608	0.415
ECU08_1650	0.552	0.378
ECU08_1660	0.535	0.442
ECU08_1670	0.381	N/A
ECU08_1680	0.618	0.370
ECU08_1690	0.464	N/A
ECU08_1700	0.532	0.364
ECU08_1710	0.526	N/A
ECU08_1720	0.560	0.408
ECU08_1730	0.530	0.403
ECU08_1740	0.487	0.322
ECU08_1750	0.399	0.268
ECU08_1760	0.478	N/A
ECU08_1770	0.603	0.361
ECU08_1780	0.575	N/A
ECU08_1790	0.673	N/A
ECU08_1805	0.271	0.306
ECU08_1820	0.506	0.334
ECU08_1830	0.633	0.416
ECU08_1840	0.717	0.500
ECU08_1850	0.704	0.501
ECU08_1860	0.660	0.576
ECU08_1870	0.675	0.574
ECU08_1880	0.653	0.326
ECU08_1885	0.469	N/A
ECU08_1890	0.510	0.337
ECU08_1910	0.620	0.549
ECU08_1920	0.694	0.623
ECU08_1930	0.628	0.465
ECU08_1950	0.299	N/A
ECU08_1960	0.658	0.620
ECU08_1970	0.651	N/A
ECU08_1980	0.293	N/A
ECU08_1990	0.465	0.311
ECU08_2000	0.501	0.447
ECU08_2010	0.667	0.393
ECU08_2020	0.633	N/A
ECU08_2030	0.619	0.359
ECU08_2040	0.507	0.275
ECU08_2050	0.466	0.303
ECU08_2060	0.605	N/A
ECU08_2070	0.609	0.324
ECU08_2080	0.573	N/A
ECU08_2090	0.623	N/A
ECU08_2100	0.631	N/A
ECU08_2110	0.337	N/A
ECU08_2120	0.354	0.287
ECU08_2130	0.360	0.287
ECU08_2140	0.361	N/A
ECU09_0010	0.558	0.329
ECU09_0020	0.604	0.362
ECU09_0030	0.678	0.535
ECU09_0040	0.591	N/A
ECU09_0050	0.558	0.400
ECU09_0060	0.641	N/A
ECU09_0070	0.664	N/A
ECU09_0080	0.672	0.412
ECU09_0090	0.605	0.354
ECU09_0100	0.464	0.296
ECU09_0110	0.548	0.338
ECU09_0120	0.652	0.390
ECU09_0130	0.636	0.401
ECU09_0140	0.714	0.619
ECU09_0150	0.664	0.530
ECU09_0160	0.412	0.277
ECU09_0170	0.645	N/A
ECU09_0180	0.645	0.448
ECU09_0190	0.543	0.388
ECU09_0200	0.662	0.579
ECU09_0210	0.690	0.345
ECU09_0220	0.698	N/A
ECU09_0230	0.614	0.431
ECU09_0240	0.585	0.265
ECU09_0250	0.653	0.449
ECU09_0260	0.646	N/A
ECU09_0270	0.453	N/A
ECU09_0275	0.590	0.365
ECU09_0280	0.579	0.358
ECU09_0290	0.661	0.477
ECU09_0300	0.543	0.369
ECU09_0310	0.701	N/A
ECU09_0320	0.465	0.290
ECU09_0330	0.673	0.546
ECU09_0340	0.532	0.330
ECU09_0350	0.650	0.439
ECU09_0360	0.342	0.267
ECU09_0370	0.635	0.400
ECU09_0380	0.517	N/A
ECU09_0390	0.502	N/A
ECU09_0395	0.345	0.317
ECU09_0400	0.670	N/A
ECU09_0410	0.645	N/A
ECU09_0420	0.691	0.367
ECU09_0425	0.282	0.261
ECU09_0430	0.680	0.513
ECU09_0440	0.486	0.462
ECU09_0450	0.412	0.338
ECU09_0460	0.699	0.572
ECU09_0470	0.510	0.401
ECU09_0480	0.677	0.512
ECU09_0490	0.653	0.386
ECU09_0500	0.562	0.340
ECU09_0510	0.445	0.244
ECU09_0520	0.666	N/A
ECU09_0530	0.603	0.350
ECU09_0540	0.609	N/A
ECU09_0550	0.638	0.458
ECU09_0560	0.663	0.415
ECU09_0570	0.568	0.373
ECU09_0575	0.473	N/A
ECU09_0580	0.616	0.366
ECU09_0590	0.601	0.376
ECU09_0595	0.449	0.298
ECU09_0600	0.550	0.334
ECU09_0610	0.587	N/A
ECU09_0620	0.369	0.309
ECU09_0625	0.564	N/A
ECU09_0630	0.698	N/A
ECU09_0640	0.751	0.612
ECU09_0650	0.673	N/A
ECU09_0660	0.600	0.359
ECU09_0670	0.701	0.643
ECU09_0680	0.667	0.409
ECU09_0690	0.660	0.519
ECU09_0700	0.634	0.364
ECU09_0710	0.491	0.265
ECU09_0720	0.637	N/A
ECU09_0730	0.674	N/A
ECU09_0740	0.585	0.359
ECU09_0750	0.601	0.364
ECU09_0760	0.695	N/A
ECU09_0770	0.689	N/A
ECU09_0780	0.709	0.471
ECU09_0790	0.653	0.476
ECU09_0800	0.679	N/A
ECU09_0810	0.657	0.415
ECU09_0820	0.660	0.530
ECU09_0830	0.691	0.531
ECU09_0840	0.707	N/A
ECU09_0850	0.596	N/A
ECU09_0855	0.481	N/A
ECU09_0860	0.685	0.535
ECU09_0870	0.667	0.483
ECU09_0880	0.700	0.403
ECU09_0890	0.400	0.287
ECU09_0900	0.638	0.371
ECU09_0910	0.653	N/A
ECU09_0920	0.678	0.499
ECU09_0925	0.587	0.387
ECU09_0930	0.573	N/A
ECU09_0940	0.569	0.332
ECU09_0945	0.456	N/A
ECU09_0950	0.594	N/A
ECU09_0960	0.605	0.354
ECU09_0970	0.444	0.341
ECU09_0980	0.758	0.657
ECU09_0990	0.675	0.343
ECU09_1000	0.604	0.434
ECU09_1005	0.620	0.524
ECU09_1010	0.475	0.255
ECU09_1020	0.498	0.318
ECU09_1030	0.601	0.442
ECU09_1040	0.675	0.556
ECU09_1050	0.453	0.334
ECU09_1060	0.607	0.320
ECU09_1070	0.671	0.445
ECU09_1080	0.372	0.367
ECU09_1100	0.474	0.376
ECU09_1110	0.559	0.449
ECU09_1120	0.644	0.361
ECU09_1160	0.676	N/A
ECU09_1170	0.639	0.356
ECU09_1180	0.590	0.471
ECU09_1190	0.656	0.398
ECU09_1195	0.448	0.389
ECU09_1200	0.691	N/A
ECU09_1210	0.688	0.489
ECU09_1220	0.718	N/A
ECU09_1230	0.410	N/A
ECU09_1240	0.692	N/A
ECU09_1250	0.642	N/A
ECU09_1260	0.641	0.515
ECU09_1270	0.605	N/A
ECU09_1275	0.570	0.477
ECU09_1280	0.677	0.477
ECU09_1290	0.465	N/A
ECU09_1300	0.580	0.430
ECU09_1310	0.655	N/A
ECU09_1320	0.469	0.343
ECU09_1330	0.722	0.621
ECU09_1340	0.632	0.342
ECU09_1350	0.690	0.569
ECU09_1360	0.680	0.464
ECU09_1370	0.646	0.397
ECU09_1375	0.647	0.567
ECU09_1380	0.659	N/A
ECU09_1390	0.662	0.538
ECU09_1400	0.649	N/A
ECU09_1410	0.563	N/A
ECU09_1420	0.545	0.438
ECU09_1430	0.664	0.500
ECU09_1440	0.651	N/A
ECU09_1450	0.630	0.473
ECU09_1460	0.657	0.434
ECU09_1470	0.670	N/A
ECU09_1480	0.728	N/A
ECU09_1490	0.694	0.472
ECU09_1500	0.686	N/A
ECU09_1510	0.602	0.381
ECU09_1520	0.656	0.547
ECU09_1525	0.438	0.403
ECU09_1530	0.653	0.355
ECU09_1540	0.636	0.339
ECU09_1550	0.626	N/A
ECU09_1560	0.647	N/A
ECU09_1570	0.679	0.397
ECU09_1580	0.541	N/A
ECU09_1590	0.629	0.317
ECU09_1600	0.599	0.425
ECU09_1610	0.739	0.558
ECU09_1615	0.615	N/A
ECU09_1620	0.519	0.358
ECU09_1630	0.450	0.301
ECU09_1640	0.648	0.497
ECU09_1650	0.588	N/A
ECU09_1660	0.701	0.562
ECU09_1670	0.679	0.380
ECU09_1680	0.671	0.524
ECU09_1690	0.485	N/A
ECU09_1695	0.632	0.490
ECU09_1700	0.701	0.359
ECU09_1710	0.712	0.473
ECU09_1720	0.622	N/A
ECU09_1730	0.636	0.408
ECU09_1740	0.684	0.373
ECU09_1750	0.528	N/A
ECU09_1760	0.453	0.330
ECU09_1770	0.726	0.486
ECU09_1780	0.700	0.474
ECU09_1790	0.632	N/A
ECU09_1800	0.635	0.467
ECU09_1805	0.637	0.525
ECU09_1810	0.628	0.378
ECU09_1820	0.610	0.243
ECU09_1830	0.663	0.403
ECU09_1840	0.645	N/A
ECU09_1850	0.612	0.302
ECU09_1860	0.672	N/A
ECU09_1870	0.669	N/A
ECU09_1880	0.372	0.349
ECU09_1890	0.561	0.401
ECU09_1900	0.550	0.380
ECU09_1910	0.631	0.335
ECU09_1920	0.620	0.262
ECU09_1930	0.681	0.421
ECU09_1940	0.602	0.434
ECU09_1950	0.479	N/A
ECU09_1960	0.633	0.529
ECU09_1970	0.642	0.425
ECU09_1980	0.652	0.349
ECU09_1990	0.431	0.266
ECU09_2000	0.564	N/A
ECU09_2010	0.603	N/A
ECU09_2020	0.577	0.301
ECU09_2030	0.646	0.334
ECU09_2040	0.360	0.285
ECU10_0010	0.555	0.312
ECU10_0020	0.524	N/A
ECU10_0030	0.577	0.320
ECU10_0040	0.421	N/A
ECU10_0050	0.612	0.316
ECU10_0060	0.708	N/A
ECU10_0065	0.650	0.541
ECU10_0070	0.566	N/A
ECU10_0080	0.533	0.338
ECU10_0085	0.385	0.314
ECU10_0090	0.631	0.465
ECU10_0110	0.282	0.244
ECU10_0120	0.663	N/A
ECU10_0130	0.650	0.507
ECU10_0140	0.575	N/A
ECU10_0150	0.634	0.329
ECU10_0160	0.633	0.549
ECU10_0170	0.664	N/A
ECU10_0180	0.706	0.516
ECU10_0190	0.655	0.548
ECU10_0200	0.580	0.400
ECU10_0210	0.651	N/A
ECU10_0220	0.704	0.559
ECU10_0230	0.580	0.357
ECU10_0240	0.688	N/A
ECU10_0250	0.667	0.523
ECU10_0260	0.606	N/A
ECU10_0270	0.700	0.528
ECU10_0280	0.696	0.428
ECU10_0290	0.381	N/A
ECU10_0300	0.608	0.392
ECU10_0310	0.629	0.311
ECU10_0320	0.624	N/A
ECU10_0330	0.448	N/A
ECU10_0340	0.674	N/A
ECU10_0345	0.563	0.360
ECU10_0350	0.686	0.562
ECU10_0355	0.449	0.401
ECU10_0360	0.668	0.513
ECU10_0370	0.355	N/A
ECU10_0380	0.668	0.598
ECU10_0390	0.619	N/A
ECU10_0400	0.619	N/A
ECU10_0410	0.696	0.469
ECU10_0420	0.642	0.340
ECU10_0430	0.364	0.287
ECU10_0440	0.707	0.593
ECU10_0445	0.365	0.261
ECU10_0450	0.591	0.380
ECU10_0460	0.635	0.337
ECU10_0470	0.629	N/A
ECU10_0480	0.640	N/A
ECU10_0490	0.691	0.253
ECU10_0500	0.664	N/A
ECU10_0510	0.682	N/A
ECU10_0520	0.647	0.367
ECU10_0530	0.592	0.490
ECU10_0540	0.655	0.367
ECU10_0550	0.676	0.551
ECU10_0560	0.639	N/A
ECU10_0570	0.663	N/A
ECU10_0580	0.624	0.387
ECU10_0590	0.680	0.500
ECU10_0600	0.640	N/A
ECU10_0610	0.657	0.483
ECU10_0620	0.706	0.425
ECU10_0630	0.665	0.535
ECU10_0650	0.616	0.366
ECU10_0660	0.648	0.511
ECU10_0670	0.706	0.622
ECU10_0680	0.623	0.498
ECU10_0690	0.687	N/A
ECU10_0700	0.701	0.427
ECU10_0710	0.634	0.486
ECU10_0720	0.667	0.459
ECU10_0730	0.690	0.224
ECU10_0740	0.668	0.408
ECU10_0750	0.665	0.632
ECU10_0760	0.517	N/A
ECU10_0770	0.473	0.308
ECU10_0780	0.664	N/A
ECU10_0790	0.503	0.325
ECU10_0800	0.691	0.571
ECU10_0810	0.478	N/A
ECU10_0820	0.633	N/A
ECU10_0830	0.529	0.410
ECU10_0840	0.537	0.315
ECU10_0850	0.627	0.452
ECU10_0860	0.609	0.374
ECU10_0870	0.684	0.525
ECU10_0880	0.619	0.419
ECU10_0890	0.717	N/A
ECU10_0900	0.689	0.505
ECU10_0910	0.671	N/A
ECU10_0920	0.688	0.597
ECU10_0930	0.356	0.226
ECU10_0940	0.668	0.654
ECU10_0950	0.588	0.387
ECU10_0960	0.682	0.521
ECU10_0970	0.619	0.400
ECU10_0980	0.559	N/A
ECU10_0990	0.521	0.437
ECU10_1000	0.588	N/A
ECU10_1010	0.552	0.301
ECU10_1020	0.575	0.381
ECU10_1030	0.408	0.320
ECU10_1040	0.710	N/A
ECU10_1045	0.506	0.400
ECU10_1050	0.329	0.306
ECU10_1060	0.714	0.609
ECU10_1070	0.518	0.315
ECU10_1080	0.677	0.510
ECU10_1090	0.560	0.298
ECU10_1100	0.573	N/A
ECU10_1110	0.614	N/A
ECU10_1120	0.573	0.442
ECU10_1130	0.657	0.445
ECU10_1140	0.675	0.344
ECU10_1150	0.542	N/A
ECU10_1155	0.512	N/A
ECU10_1160	0.644	N/A
ECU10_1170	0.460	0.384
ECU10_1180	0.598	0.432
ECU10_1190	0.672	0.423
ECU10_1200	0.601	0.489
ECU10_1210	0.666	0.431
ECU10_1220	0.637	0.321
ECU10_1230	0.669	0.497
ECU10_1240	0.709	0.595
ECU10_1250	0.625	0.311
ECU10_1260	0.659	0.360
ECU10_1270	0.596	0.542
ECU10_1280	0.704	0.590
ECU10_1290	0.662	0.534
ECU10_1300	0.506	0.452
ECU10_1310	0.687	0.596
ECU10_1320	0.649	N/A
ECU10_1330	0.682	0.490
ECU10_1340	0.665	0.469
ECU10_1350	0.669	N/A
ECU10_1360	0.612	N/A
ECU10_1370	0.620	0.448
ECU10_1380	0.573	N/A
ECU10_1390	0.646	0.398
ECU10_1400	0.696	N/A
ECU10_1410	0.600	0.381
ECU10_1420	0.628	N/A
ECU10_1430	0.617	0.353
ECU10_1440	0.583	N/A
ECU10_1450	0.688	0.616
ECU10_1460	0.696	0.517
ECU10_1465	0.434	N/A
ECU10_1470	0.600	N/A
ECU10_1480	0.579	0.316
ECU10_1490	0.681	N/A
ECU10_1500	0.359	0.254
ECU10_1505	0.371	0.279
ECU10_1510	0.733	0.443
ECU10_1520	0.603	0.408
ECU10_1530	0.664	0.239
ECU10_1540	0.668	N/A
ECU10_1550	0.647	0.300
ECU10_1560	0.613	0.454
ECU10_1570	0.551	N/A
ECU10_1575	0.356	0.273
ECU10_1580	0.498	N/A
ECU10_1590	0.629	0.429
ECU10_1600	0.541	0.335
ECU10_1610	0.641	0.368
ECU10_1620	0.465	N/A
ECU10_1630	0.507	0.367
ECU10_1640	0.677	0.546
ECU10_1650	0.588	0.325
ECU10_1660	0.526	0.296
ECU10_1680	0.686	N/A
ECU10_1690	0.712	0.594
ECU10_1695	0.592	0.461
ECU10_1700	0.663	0.571
ECU10_1710	0.599	0.499
ECU10_1720	0.683	N/A
ECU10_1730	0.569	N/A
ECU10_1740	0.620	N/A
ECU10_1750	0.629	0.425
ECU10_1760	0.655	0.519
ECU10_1770	0.696	0.556
ECU10_1780	0.598	0.370
ECU10_1790	0.695	0.534
ECU10_1800	0.462	0.289
ECU10_1810	0.604	0.306
ECU10_1820	0.369	N/A
ECU10_1830	0.491	N/A
ECU10_1840	0.625	N/A
ECU10_1850	0.622	0.386
ECU10_1860	0.497	0.316
ECU10_1870	0.499	N/A
ECU10_1880	0.363	0.287
ECU10_1890	0.480	0.292
ECU11_0010	0.532	N/A
ECU11_0020	0.320	0.250
ECU11_0030	0.580	0.297
ECU11_0040	0.614	0.395
ECU11_0050	0.604	0.321
ECU11_0060	0.360	0.273
ECU11_0070	0.606	0.390
ECU11_0080	0.392	0.385
ECU11_0090	0.608	0.337
ECU11_0100	0.370	0.321
ECU11_0120	0.602	0.354
ECU11_0130	0.534	0.337
ECU11_0140	0.655	N/A
ECU11_0150	0.622	0.360
ECU11_0170	0.638	N/A
ECU11_0180	0.637	0.501
ECU11_0190	0.519	0.307
ECU11_0200	0.497	0.370
ECU11_0210	0.602	N/A
ECU11_0220	0.504	N/A
ECU11_0225	0.595	0.458
ECU11_0230	0.679	0.583
ECU11_0240	0.689	N/A
ECU11_0250	0.679	0.370
ECU11_0260	0.648	0.322
ECU11_0270	0.571	0.319
ECU11_0280	0.453	0.250
ECU11_0290	0.657	N/A
ECU11_0300	0.707	0.522
ECU11_0310	0.592	0.296
ECU11_0320	0.693	N/A
ECU11_0330	0.611	0.349
ECU11_0340	0.615	N/A
ECU11_0350	0.695	0.410
ECU11_0360	0.590	N/A
ECU11_0370	0.667	0.456
ECU11_0375C	0.699	0.535
ECU11_0380	0.318	0.294
ECU11_0390	0.655	0.395
ECU11_0400	0.554	0.327
ECU11_0410	0.619	N/A
ECU11_0420	0.451	0.321
ECU11_0430	0.664	N/A
ECU11_0440	0.503	0.371
ECU11_0450	0.654	N/A
ECU11_0460	0.623	N/A
ECU11_0470	0.583	N/A
ECU11_0480	0.723	0.584
ECU11_0490	0.668	0.398
ECU11_0500	0.613	0.384
ECU11_0505	0.414	N/A
ECU11_0510	0.645	N/A
ECU11_0520	0.363	N/A
ECU11_0530	0.710	N/A
ECU11_0540	0.705	N/A
ECU11_0550	0.491	0.377
ECU11_0560	0.629	N/A
ECU11_0570	0.617	N/A
ECU11_0580	0.507	0.295
ECU11_0585	0.519	0.352
ECU11_0590	0.618	0.466
ECU11_0600	0.636	N/A
ECU11_0610	0.697	0.462
ECU11_0620	0.649	0.354
ECU11_0630	0.570	0.329
ECU11_0635	0.562	0.394
ECU11_0640	0.607	0.433
ECU11_0650	0.394	N/A
ECU11_0660	0.714	0.669
ECU11_0670	0.657	N/A
ECU11_0680	0.622	0.389
ECU11_0690	0.704	N/A
ECU11_0700	0.549	N/A
ECU11_0710	0.667	0.387
ECU11_0720	0.594	N/A
ECU11_0730	0.551	N/A
ECU11_0740	0.361	0.326
ECU11_0750	0.643	N/A
ECU11_0760	0.658	N/A
ECU11_0770	0.670	0.394
ECU11_0780	0.668	0.374
ECU11_0790	0.699	0.605
ECU11_0800	0.686	N/A
ECU11_0810	0.499	N/A
ECU11_0820	0.681	N/A
ECU11_0830	0.503	0.352
ECU11_0840	0.609	0.373
ECU11_0850	0.695	0.413
ECU11_0860	0.676	0.595
ECU11_0870	0.695	0.522
ECU11_0880	0.725	0.584
ECU11_0890	0.677	0.596
ECU11_0900	0.638	N/A
ECU11_0910	0.366	0.269
ECU11_0920	0.625	N/A
ECU11_0930	0.648	N/A
ECU11_0935	0.434	0.286
ECU11_0940	0.700	0.598
ECU11_0950	0.584	N/A
ECU11_0960	0.665	0.563
ECU11_0970	0.706	0.547
ECU11_0980	0.556	0.371
ECU11_0990	0.390	0.312
ECU11_1000	0.514	0.375
ECU11_1010	0.573	0.326
ECU11_1020	0.394	0.288
ECU11_1030	0.633	0.499
ECU11_1040	0.681	N/A
ECU11_1050	0.626	0.468
ECU11_1060	0.569	N/A
ECU11_1065	0.577	0.348
ECU11_1070	0.644	0.419
ECU11_1080	0.665	0.486
ECU11_1090	0.616	0.305
ECU11_1100	0.706	0.495
ECU11_1110	0.489	0.398
ECU11_1120	0.704	0.448
ECU11_1130	0.506	0.298
ECU11_1140	0.647	0.354
ECU11_1150	0.576	N/A
ECU11_1160	0.679	N/A
ECU11_1170	0.655	0.456
ECU11_1180	0.645	0.386
ECU11_1190	0.656	0.472
ECU11_1200	0.664	0.483
ECU11_1210	0.580	N/A
ECU11_1220	0.672	0.437
ECU11_1230	0.525	0.346
ECU11_1240	0.494	0.242
ECU11_1250	0.400	N/A
ECU11_1260	0.593	0.357
ECU11_1270	0.684	0.560
ECU11_1280	0.681	0.514
ECU11_1290	0.686	0.563
ECU11_1300	0.269	N/A
ECU11_1310	0.656	0.479
ECU11_1320	0.638	0.444
ECU11_1330	0.457	0.352
ECU11_1340	0.629	N/A
ECU11_1350	0.673	0.572
ECU11_1360	0.521	N/A
ECU11_1370	0.674	0.335
ECU11_1380	0.565	0.448
ECU11_1390	0.407	N/A
ECU11_1400	0.554	0.407
ECU11_1410	0.526	0.306
ECU11_1420	0.684	0.468
ECU11_1425	0.569	0.324
ECU11_1430	0.703	N/A
ECU11_1440	0.540	N/A
ECU11_1450	0.672	0.533
ECU11_1460	0.697	N/A
ECU11_1470	0.439	N/A
ECU11_1480	0.652	0.448
ECU11_1490	0.447	N/A
ECU11_1500	0.669	0.474
ECU11_1510	0.576	0.339
ECU11_1520	0.671	0.482
ECU11_1530	0.554	0.294
ECU11_1540	0.632	0.451
ECU11_1550	0.688	0.566
ECU11_1560	0.622	0.428
ECU11_1570	0.617	0.231
ECU11_1580	0.693	N/A
ECU11_1590	0.545	N/A
ECU11_1600	0.687	0.422
ECU11_1610	0.601	0.444
ECU11_1620	0.627	0.491
ECU11_1630	0.678	N/A
ECU11_1640	0.614	0.312
ECU11_1650	0.520	0.401
ECU11_1660	0.507	0.314
ECU11_1670	0.659	0.542
ECU11_1680	0.554	0.388
ECU11_1690	0.549	N/A
ECU11_1700	0.676	0.533
ECU11_1710	0.681	0.297
ECU11_1720	0.584	N/A
ECU11_1730	0.579	0.415
ECU11_1740	0.712	0.437
ECU11_1750	0.640	0.555
ECU11_1755	0.325	N/A
ECU11_1760	0.709	0.513
ECU11_1770	0.666	N/A
ECU11_1780	0.663	0.505
ECU11_1790	0.476	N/A
ECU11_1800	0.627	0.352
ECU11_1810	0.681	0.516
ECU11_1820	0.298	N/A
ECU11_1830	0.655	0.472
ECU11_1840	0.360	0.263
ECU11_1850	0.298	0.245
ECU11_1860	0.502	0.378
ECU11_1870	0.648	N/A
ECU11_1880	0.652	0.408
ECU11_1890	0.568	0.248
ECU11_1900	0.603	N/A
ECU11_1910	0.597	N/A
ECU11_1920	0.451	0.315
ECU11_1930	0.595	N/A
ECU11_1935	0.509	0.285
ECU11_1940	0.688	N/A
ECU11_1950	0.577	0.411
ECU11_1960	0.682	0.514
ECU11_1970	0.700	0.507
ECU11_1980	0.649	N/A
ECU11_1990	0.674	N/A
ECU11_2000	0.626	N/A
ECU11_2010	0.599	0.320
ECU11_2020	0.594	0.376
ECU11_2030	0.430	0.242
ECU11_2032	0.624	0.346
ECU11_2035	0.555	0.413
ECU11_2040	0.681	0.513
ECU11_2045	0.437	0.326
ECU11_2050	0.511	N/A
ECU11_2060	0.556	0.375
ECU11_2070	0.637	0.541
ECU11_2080	0.708	0.528
ECU11_2090	0.608	N/A
ECU11_2100	0.424	0.298
ECU11_2110	0.575	N/A
